{"1234867773": [[44.8796083, 25.50578], [44.8796691, 25.5046534], [44.8797983, 25.504117], [44.8802545, 25.5032051], [44.8810071, 25.5025077], [44.8815392, 25.5016601], [44.8818129, 25.5007911], [44.8818889, 25.499922], [44.8820562, 25.4991174], [44.8824971, 25.4982698], [44.8835615, 25.4973468]], "1234867774": [[44.5779201, 25.9931481], [44.5872887, 25.9877729], [44.5956166, 25.9831595], [44.6007963, 25.9796189], [44.6034851, 25.9771085], [44.6071363, 25.9721732], [44.6096416, 25.9676456], [44.6140105, 25.9568952], [44.6252974, 25.9291075], [44.6279698, 25.9239363], [44.6313293, 25.9196662], [44.6341542, 25.9171128], [44.6372691, 25.9150958], [44.6405976, 25.9138512], [44.6482767, 25.9117913], [44.6503986, 25.9109115], [44.6524899, 25.9096885], [44.6544438, 25.9078859], [44.6558175, 25.9062123], [44.6571302, 25.9041309], [44.6583971, 25.9014058], [44.659904, 25.8976101], [44.6614451, 25.894245], [44.6633649, 25.8914815], [44.6647232, 25.890001], [44.6664782, 25.8885956], [44.6692634, 25.8870935], [44.6736123, 25.8858597], [44.6764199, 25.8845293], [44.6784111, 25.8830488], [44.6802344, 25.881257], [44.6822483, 25.87821], [44.6837969, 25.8746695], [44.6848724, 25.8707642], [44.685269, 25.8676314], [44.6853454, 25.8646273], [44.6847885, 25.8585012], [44.6842011, 25.8526111], [44.6841096, 25.8486414], [44.6847656, 25.8434057], [44.6858641, 25.8392428], [44.6875192, 25.8350479], [44.6893042, 25.8319901], [44.6921186, 25.8284497], [44.6954897, 25.8258962], [44.7010111, 25.8233321], [44.7045418, 25.8211647], [44.7076757, 25.8179998], [44.7096812, 25.8151029], [44.7113433, 25.8117986], [44.7126624, 25.8081935], [44.7135631, 25.8044163], [44.7151817, 25.7967799], [44.7189445, 25.7787536], [44.7215212, 25.7666302], [44.7241581, 25.7549326], [44.7258206, 25.7502578], [44.7277414, 25.7456875], [44.7313696, 25.7393145], [44.7461846, 25.7147455], [44.7615445, 25.6890821], [44.763096, 25.6863406], [44.7647362, 25.6829774], [44.7661918, 25.6794576], [44.7716602, 25.6632041], [44.7754226, 25.6516814], [44.7792763, 25.6402445], [44.7828098, 25.6296121], [44.7840967, 25.6261575], [44.7856273, 25.6229174], [44.7883106, 25.6185671], [44.7914828, 25.6148492], [44.794096, 25.6124914], [44.7965573, 25.6107724], [44.798848, 25.6095868], [44.8028646, 25.6080793], [44.8055746, 25.6077039], [44.8086802, 25.6077146], [44.8185138, 25.6084441], [44.8248909, 25.6085622], [44.8281553, 25.6084227], [44.8311875, 25.6080365], [44.8366922, 25.605644], [44.8413025, 25.6018995], [44.8434781, 25.5996358], [44.8464372, 25.5953765], [44.8486584, 25.5910206], [44.8505068, 25.5862139], [44.851891, 25.5806351], [44.8535111, 25.572288], [44.8557015, 25.5605292], [44.8564164, 25.5537486], [44.8565609, 25.5474937], [44.8567434, 25.5369687], [44.856926, 25.5337179], [44.8573367, 25.5305314], [44.8579755, 25.5273878], [44.8588348, 25.5243877], [44.8599072, 25.5215138], [44.8619377, 25.5175388], [44.8643255, 25.5140358], [44.8661429, 25.5119705], [44.8724161, 25.5057263], [44.8756388, 25.5025267], [44.8780883, 25.5007357], [44.8787928, 25.5002561], [44.8803979, 25.4993359], [44.8808685, 25.4989735], [44.8835615, 25.4973468], [44.8864804, 25.4951477], [44.8884415, 25.4931736], [44.8893233, 25.4921329], [44.8910107, 25.4897725], [44.894431, 25.4845368], [44.8990575, 25.4773968], [44.9015521, 25.474087], [44.9036457, 25.472011], [44.9046526, 25.4711527], [44.9057221, 25.4703587], [44.9068061, 25.4696458], [44.9095878, 25.4679889], [44.9098505, 25.4678324]], "1234886976": [[44.8756388, 25.5025267], [44.8765672, 25.5024648], [44.8773351, 25.5028295], [44.8779813, 25.503484], [44.878658, 25.5039561], [44.8792586, 25.5047285], [44.8796007, 25.50578]], "1234886977": [[44.8795246, 25.4934874], [44.8793574, 25.4953301], [44.8790001, 25.4960596], [44.8785895, 25.4966605], [44.8780422, 25.4971003], [44.8776012, 25.4977012], [44.8772591, 25.4984307], [44.8770918, 25.4992998], [44.876993, 25.5005228], [44.8766129, 25.5014884], [44.8756388, 25.5025267]], "1234886978": [[44.8835615, 25.4973468], [44.8827404, 25.4974115], [44.8821854, 25.4972613], [44.8816381, 25.4968429], [44.8811363, 25.4963064], [44.8805205, 25.4958129], [44.8801556, 25.4953623], [44.8797223, 25.4945362], [44.8795208, 25.4934901]], "1234886979": [[44.8780883, 25.5007357], [44.8778608, 25.5010526], [44.8777276, 25.5014626], [44.8777057, 25.5019126], [44.8777982, 25.5023445], [44.8779929, 25.5027022], [44.8782647, 25.5029395], [44.8785784, 25.5030257], [44.8788935, 25.5029497], [44.8791691, 25.5027212], [44.8793696, 25.5023699], [44.8794638, 25.5019391]], "1234886980": [[44.8795056, 25.4987365], [44.8793543, 25.4982395], [44.8790638, 25.4978573], [44.8786865, 25.4976821], [44.8782919, 25.4977463], [44.8779527, 25.498038], [44.8777315, 25.4985036], [44.877669, 25.4990571], [44.8777766, 25.4995967], [44.8780347, 25.5000228], [44.8783956, 25.500257], [44.8787928, 25.5002561]], "1234886981": [[44.8808685, 25.4989735], [44.8811145, 25.4986386], [44.8812554, 25.498199], [44.8812712, 25.4977171], [44.8811596, 25.4972611], [44.8809365, 25.4968955], [44.8806334, 25.4966723], [44.8802934, 25.496623], [44.8799645, 25.4967546], [44.8796933, 25.4970484], [44.8795208, 25.4974598]], "1234886982": [[44.8803979, 25.4993359], [44.8807646, 25.4994599], [44.8810652, 25.4997811], [44.8812492, 25.5002455], [44.8812857, 25.5007752], [44.8811685, 25.5012809], [44.8809174, 25.5016779], [44.8805745, 25.5018992], [44.8801975, 25.5019078], [44.8798498, 25.5017021], [44.8795897, 25.5013168], [44.87946, 25.5008233]], "1234891775": [[44.6612518, 25.8943978], [44.660591, 25.8955479], [44.6601828, 25.8963954], [44.659904, 25.8976101], [44.6604995, 25.8966368], [44.6609383, 25.8956605], [44.6614812, 25.8945827]], "1234891776": [[44.661678, 25.8940998], [44.6628727, 25.8924419], [44.6633649, 25.8914815], [44.6626285, 25.8921093], [44.6620486, 25.8928871], [44.6614485, 25.8939149]], "1234891777": [[44.661678, 25.8940998], [44.6616212, 25.8939965], [44.6615407, 25.8939315], [44.6614485, 25.8939149], [44.6613589, 25.8939491], [44.6612854, 25.894029], [44.6612392, 25.8941423], [44.6612274, 25.8942718], [44.6612518, 25.8943978], [44.6613085, 25.8945011], [44.6613891, 25.894566], [44.6614812, 25.8945827], [44.6615709, 25.8945484], [44.6616444, 25.8944686], [44.6616905, 25.8943553], [44.6617024, 25.8942258], [44.661678, 25.8940998]], "1234891778": [[44.7141549, 25.8007771], [44.7136344, 25.8031726], [44.7135631, 25.8044163], [44.7139699, 25.8033013], [44.7144384, 25.8009361]], "1234891779": [[44.714573, 25.8004606], [44.7150906, 25.7980657], [44.7151817, 25.7967799]], "1234891780": [[44.7151817, 25.7967799], [44.714759, 25.7979208], [44.7142169, 25.8003566]], "1234891781": [[44.7143711, 25.8002849], [44.7142895, 25.8003016], [44.7142169, 25.8003566], [44.714162, 25.8004432], [44.7141315, 25.800551], [44.714129, 25.800667], [44.7141549, 25.8007771], [44.714206, 25.8008682], [44.7142761, 25.8009292], [44.7143569, 25.8009528], [44.7144384, 25.8009361], [44.714511, 25.8008811], [44.7145659, 25.8007945], [44.7145964, 25.8006867], [44.7145989, 25.8005707], [44.714573, 25.8004606], [44.7145219, 25.8003695], [44.7144518, 25.8003085], [44.7143711, 25.8002849]], "1234891782": [[44.7645076, 25.6830249], [44.7639745, 25.684222], [44.7634908, 25.6851768], [44.763096, 25.6863406], [44.7637726, 25.6854504], [44.7642563, 25.6844795], [44.7647861, 25.6833192]], "1234891783": [[44.7649713, 25.682904], [44.7655056, 25.6817222], [44.765917, 25.6806815], [44.7661918, 25.6794576], [44.7656161, 25.6804615], [44.7651857, 25.6814861], [44.7646622, 25.6826783]],