{"330237481": [[46.4316299, 24.2763098], [46.4317517, 24.2769244], [46.4320182, 24.2782066], [46.4323607, 24.2796611], [46.4327235, 24.2811196], [46.433035, 24.2824523], [46.4333987, 24.2841175], [46.4339202, 24.2868414], [46.4348133, 24.292874], [46.4350095, 24.2944186], [46.4368365, 24.3198466]], "503450862": [[46.436977, 24.3198244], [46.4351431, 24.2943911], [46.4349471, 24.2928411], [46.4340413, 24.2867813], [46.433494, 24.2840591], [46.4331363, 24.282433], [46.4328718, 24.2812616], [46.4326058, 24.2802195], [46.4322491, 24.2787249], [46.4319189, 24.2772375], [46.4317304, 24.2763196], [46.4317225, 24.2762775]]}