{"932236803": [[44.6927956, 25.2563254], [44.6921566, 25.2572951], [44.691499, 25.2579526], [44.6908685, 25.2583577], [44.6903577, 25.2585412], [44.6898359, 25.2586253], [44.6892652, 25.2586024], [44.6886348, 25.2584265], [44.6880967, 25.2581207], [44.6873901, 25.2574786], [44.6869934, 25.2569205], [44.6865151, 25.2559878], [44.6862107, 25.2549328], [44.6860802, 25.2539237], [44.6861128, 25.2528534]], "932236822": [[44.7253021, 25.3577971], [44.7251754, 25.3611349], [44.725176, 25.361697], [44.7251795, 25.3646833], [44.7255054, 25.3674354], [44.726179, 25.3697289], [44.7270263, 25.3719612], [44.7281777, 25.3740407], [44.729655, 25.3758754], [44.7312844, 25.3773738], [44.7331744, 25.3784747], [44.7415373, 25.3832757], [44.7437528, 25.3848353], [44.7454252, 25.3863337], [44.7475536, 25.3886883], [44.7516147, 25.3937951], [44.7550459, 25.3972812], [44.7578471, 25.3994829], [44.7607567, 25.4013789], [44.7635359, 25.4027856], [44.7668578, 25.4040087], [44.770288, 25.4048344], [44.7776037, 25.4054766], [44.7896932, 25.4065774], [44.7980696, 25.4073113], [44.8004565, 25.4076783], [44.8026914, 25.4083816], [44.805013, 25.4095437], [44.8071392, 25.4111644], [44.8099162, 25.4139471], [44.8162941, 25.4206135], [44.8179861, 25.4219284], [44.8197214, 25.4228458], [44.8213699, 25.4233351], [44.823322, 25.4235492], [44.825556, 25.4232434], [44.827573, 25.4225094], [44.8299586, 25.4208887], [44.832214, 25.4182589], [44.8351199, 25.4138554], [44.8364861, 25.4122041], [44.8381992, 25.4108892], [44.8403242, 25.4099718], [44.8417552, 25.4096966], [44.8448558, 25.4098495], [44.8535711, 25.4105222], [44.8553921, 25.4111338], [44.8571479, 25.4121429], [44.8576674, 25.4125792], [44.8583976, 25.4132599], [44.8592551, 25.4142282], [44.8604267, 25.4158726], [44.8626588, 25.4198971], [44.8722981, 25.4372794], [44.8740318, 25.4406738], [44.8752887, 25.4437929], [44.8768922, 25.4485633], [44.8781707, 25.4536701], [44.8789725, 25.45841], [44.8794275, 25.4634556], [44.8795792, 25.4692964], [44.8795575, 25.4896318], [44.8795216, 25.4934936], [44.8795184, 25.4974629], [44.8795045, 25.4987585], [44.8794611, 25.5008166], [44.879469, 25.5019412], [44.8796008, 25.5057786], [44.8800871, 25.5103991], [44.8809642, 25.5149695], [44.8821246, 25.5190408], [44.8832806, 25.5222134], [44.8838802, 25.5236385], [44.8848981, 25.5257466], [44.8879997, 25.5313361], [44.8909438, 25.5365513], [44.8933519, 25.5406607], [44.8947399, 25.5434291], [44.8956254, 25.5455118], [44.8964026, 25.547895], [44.8972154, 25.5514328], [44.8977562, 25.5550112], [44.8975095, 25.6039006], [44.8974962, 25.606538], [44.8975179, 25.6109109], [44.8978189, 25.6136306], [44.8979511, 25.6148251], [44.8984028, 25.6169957], [44.8989692, 25.6197178], [44.9001822, 25.6234179], [44.9019692, 25.6275003], [44.9038211, 25.6311852], [44.9061279, 25.6382537], [44.9061214, 25.644365], [44.9061424, 25.6502012], [44.9060124, 25.6596964], [44.9060847, 25.6661486], [44.9065935, 25.6700825], [44.9065501, 25.6740885], [44.9065285, 25.681764], [44.9061603, 25.6847302], [44.9053589, 25.6881246], [44.9038861, 25.6917635], [44.9007887, 25.6985828], [44.8997923, 25.7015796], [44.8992075, 25.7044847], [44.8989042, 25.7078179], [44.8991642, 25.7117015], [44.8996407, 25.7142396], [44.9017201, 25.7242392], [44.9019584, 25.7268231], [44.9019367, 25.7300187], [44.9015468, 25.7329544], [44.9006588, 25.7371285], [44.891084, 25.7822182], [44.8869833, 25.8011825], [44.8857954, 25.8079155], [44.8851035, 25.8151858], [44.8853632, 25.8234402], [44.8859669, 25.8285178], [44.8885865, 25.83978], [44.8888352, 25.8436045], [44.8885632, 25.8471822], [44.8882041, 25.8490513], [44.8880767, 25.8497142], [44.8867389, 25.8534908], [44.8863719, 25.8542183], [44.8854618, 25.8560228], [44.8830901, 25.8590269], [44.8789936, 25.8640622], [44.8746057, 25.8694553], [44.8708345, 25.8745193], [44.867793, 25.878725], [44.8643864, 25.8879088], [44.8639605, 25.9003543], [44.8638388, 25.9124136], [44.8640061, 25.923121], [44.8642647, 25.9353089], [44.8644168, 25.9380984], [44.8647209, 25.9400511], [44.8653749, 25.9428406], [44.8661962, 25.9449434], [44.8671695, 25.9469175], [44.8680972, 25.9484195], [44.873146, 25.9552859], [44.8763088, 25.9601783], [44.8794715, 25.9662723], [44.8814785, 25.9707355], [44.8823907, 25.9739112], [44.8837134, 25.9784388], [44.8848233, 25.9815502], [44.8866172, 25.9854984], [44.8884416, 25.9882021], [44.8899314, 25.9900045], [44.8923028, 25.9921503], [44.8950998, 25.9938669], [44.8955096, 25.9940838], [44.8960393, 25.9943642], [44.8970455, 25.9948968], [44.8986566, 25.995841], [44.9009973, 25.9972143]], "932236823": [[44.6975498, 25.2584242], [44.6960422, 25.2555726], [44.695619, 25.2546611], [44.69536, 25.2537971], [44.6952468, 25.2528854], [44.6952054, 25.2521042], [44.6953195, 25.2513168], [44.695526, 25.2506058], [44.6956809, 25.2501203]], "932236824": [[44.6973194, 25.2580596], [44.6967325, 25.2571498], [44.6963195, 25.2565], [44.695939, 25.2558961], [44.6923522, 25.2501318], [44.6919175, 25.2495967], [44.6913849, 25.2491227], [44.6908414, 25.248771], [44.6901348, 25.2485569], [44.68945, 25.2485264], [44.6886783, 25.2487098], [44.6880043, 25.2490921], [44.687526, 25.2495508], [44.6869934, 25.2501624], [44.6865585, 25.2510339], [44.6863085, 25.251829], [44.6861128, 25.2528534]], "932236825": [[44.6918142, 25.2586482], [44.6921022, 25.258136], [44.6924935, 25.2576009], [44.6929338, 25.2571881], [44.6934446, 25.2568593], [44.6939066, 25.2566529], [44.6943413, 25.2565459], [44.6948413, 25.256523], [44.6953304, 25.2565918], [44.6957869, 25.25676], [44.6962325, 25.2569969], [44.6966673, 25.257318], [44.6969879, 25.2576697], [44.6973194, 25.2580596]], "932236826": [[44.6861128, 25.2528534], [44.6855823, 25.2552501], [44.6815061, 25.2736641], [44.681104, 25.2748203]], "1234886968": [[44.8808399, 25.5151836], [44.8814328, 25.5173457], [44.8820562, 25.519352], [44.8831927, 25.5224419], [44.8842189, 25.5250919], [44.8849829, 25.5265188], [44.8855306, 25.5273548]], "1234886969": [[44.8811169, 25.515146], [44.8811755, 25.5150343], [44.8811968, 25.5148987], [44.8811771, 25.5147626], [44.88112, 25.5146495], [44.8810352, 25.514579], [44.8809374, 25.5145633], [44.8808435, 25.514605], [44.8807698, 25.5146971], [44.880729, 25.5148235], [44.8807281, 25.5149624], [44.8807674, 25.5150898], [44.8808399, 25.5151836], [44.8809333, 25.5152277], [44.8810313, 25.5152144], [44.8811169, 25.515146]], "1234886970": [[44.8857698, 25.526995], [44.8849373, 25.5250919], [44.8833751, 25.5218625], [44.8827746, 25.5203605], [44.8820068, 25.5180967], [44.8811169, 25.515146]], "1234886971": [[44.8838802, 25.5236385], [44.8842683, 25.5248505], [44.8847282, 25.5258375], [44.8855272, 25.5272074]], "1234886972": [[44.8856654, 25.5269997], [44.8851045, 25.5257517], [44.8845002, 25.5245554], [44.8838802, 25.5236385]], "1234886973": [[44.8879997, 25.5313361], [44.8872557, 25.5296624], [44.8859203, 25.5273373]], "1234886974": [[44.8856777, 25.5275497], [44.8861915, 25.5285305], [44.8870163, 25.5299252], [44.8879997, 25.5313361]], "1234886975": [[44.8855458, 25.5271378], [44.8855766, 25.5270774], [44.8856174, 25.5270303], [44.8856654, 25.5269997], [44.8857174, 25.5269876], [44.8857698, 25.526995], [44.8858283, 25.5270287], [44.8858765, 25.5270862], [44.8859098, 25.5271619], [44.8859249, 25.5272484], [44.8859203, 25.5273373], [44.8858965, 25.5274199], [44.8858557, 25.527488], [44.885802, 25.527535], [44.8857407, 25.5275563], [44.8856777, 25.5275497], [44.8856133, 25.5275108], [44.8855622, 25.5274431], [44.8855306, 25.5273548], [44.885522, 25.5272814], [44.8855272, 25.5272074], [44.8855458, 25.5271378]], "1234893749": [[44.8604473, 25.4155885], [44.8599908, 25.4148424], [44.8595459, 25.4142415], [44.8590554, 25.4136676], [44.8585725, 25.4131633], [44.8576674, 25.4125792], [44.8585535, 25.4136997], [44.8591125, 25.4143435], [44.8596068, 25.4150033], [44.8602317, 25.4158748]],