{"1075415052": [[47.1762704, 23.8757647], [47.1735531, 23.8807582], [47.1710442, 23.881359], [47.1682434, 23.8799857], [47.164392, 23.8768958], [47.1592565, 23.8765525], [47.1563774, 23.8773997], [47.1536972, 23.8792777], [47.1523693, 23.8810587], [47.1513255, 23.8832765], [47.1507349, 23.8856721], [47.1494799, 23.8924098], [47.1492172, 23.8951778], [47.1495195, 23.8988784], [47.1502534, 23.901658], [47.1602037, 23.9339651], [47.1662448, 23.9537357], [47.1714818, 23.9736914], [47.1777247, 23.9976167], [47.1793291, 24.0048694], [47.1802333, 24.0113496], [47.1812834, 24.0300178], [47.1818959, 24.0336656], [47.1843221, 24.0419561]], "1216291849": [[47.180875, 24.2142105], [47.1814292, 24.2145967], [47.1831793, 24.2161846], [47.1846085, 24.2184591], [47.1861252, 24.2217207], [47.1878751, 24.2277717], [47.1889834, 24.2372989], [47.1888667, 24.2418909], [47.1877876, 24.2467832], [47.1868543, 24.2507314], [47.1861835, 24.2558813], [47.1861835, 24.2599582], [47.1895375, 24.2703008], [47.1904124, 24.2773819], [47.1903249, 24.2817163], [47.1898, 24.2866516], [47.1886334, 24.2918872], [47.1853669, 24.3028736], [47.1843169, 24.3042469], [47.1827126, 24.3048477], [47.1797666, 24.3042039], [47.1780164, 24.3053627], [47.1747784, 24.3090534], [47.1731739, 24.3094396], [47.1706066, 24.3090963], [47.1681267, 24.3102979], [47.1663761, 24.3130016], [47.1615325, 24.3287944], [47.1612407, 24.3328714], [47.1612407, 24.3388795], [47.1616784, 24.343214], [47.1634875, 24.355874], [47.1634875, 24.3587064], [47.1621744, 24.3777608], [47.1609197, 24.3815803], [47.1581767, 24.3866872], [47.157418, 24.3888759], [47.1571554, 24.3926954], [47.1566009, 24.3957424], [47.155171, 24.3982744], [47.1533616, 24.3993902], [47.1499177, 24.4016647], [47.1317902, 24.4192171], [47.1300676, 24.4219636], [47.1286369, 24.4254827], [47.1270894, 24.4290447], [47.1244323, 24.43192], [47.1218918, 24.4331646], [47.1065005, 24.4341087], [47.1033174, 24.433426], [47.1024986, 24.4332503], [47.0978829, 24.4311904], [47.0936759, 24.4259547], [47.0906372, 24.4238948], [47.0821047, 24.4236373], [47.0775457, 24.4265555], [47.0736878, 24.4289588], [47.0708819, 24.4289588], [47.0670234, 24.4282722], [47.0641587, 24.4290446], [47.061394, 24.4313122], [47.055856, 24.4366833], [47.0549204, 24.4572827], [47.0619371, 24.4854351], [47.0624047, 24.5007132], [47.0707065, 24.5232008], [47.075383, 24.5513533], [47.0800591, 24.5599364], [47.0924488, 24.5664595], [47.0993436, 24.5694636], [47.1150988, 24.5790745], [47.1223591, 24.5798492], [47.1322865, 24.5850848], [47.135206, 24.5847415], [47.1378918, 24.5826816], [47.1402271, 24.5797633], [47.1420954, 24.578905], [47.1443138, 24.58045], [47.1453634, 24.58334], [47.1545873, 24.6023368], [47.1589063, 24.6059417], [47.1620329, 24.6069932], [47.1708832, 24.6088937], [47.172456, 24.6094326]], "1435648836": [[47.1750993, 24.1282939], [47.1807875, 24.1168785], [47.1836752, 24.1107309], [47.18517, 24.106096], [47.1860304, 24.1026199], [47.188123, 24.0925669], [47.1902812, 24.0845632], [47.1924393, 24.0772033], [47.1930662, 24.0679335], [47.1926288, 24.0629768], [47.1894937, 24.0537929], [47.1848273, 24.0431285], [47.1843221, 24.0419561]], "1435648837": [[47.1750993, 24.1282939], [47.1729405, 24.1326499], [47.1717298, 24.1350746], [47.1708983, 24.1372204], [47.1680245, 24.1436147], [47.1673097, 24.1456318], [47.1667137, 24.1481658], [47.1657925, 24.1535926], [47.1631373, 24.1634416], [47.1627688, 24.1659549], [47.1626412, 24.1682267], [47.1626851, 24.1709089], [47.1630603, 24.1751486], [47.1640273, 24.1830754], [47.1649547, 24.186869], [47.1720903, 24.2091556], [47.1732806, 24.2109459], [47.1743846, 24.2117857], [47.1755077, 24.2121935], [47.1776809, 24.2123437], [47.1792124, 24.2131161], [47.1800728, 24.2136418], [47.180875, 24.2142105]]}