{"914216823": [[47.5403612, 25.8476732], [47.5399878, 25.8486709], [47.539708, 25.8494913], [47.5395106, 25.8501125], [47.5393124, 25.8509052], [47.5391391, 25.8517203], [47.5389973, 25.8526781], [47.5388996, 25.8536328], [47.538838, 25.8548373], [47.5388649, 25.8559699], [47.5389521, 25.8571252], [47.5390861, 25.8580694], [47.5392264, 25.8589473], [47.5395276, 25.8608385], [47.5397198, 25.8621946], [47.5399226, 25.863753], [47.5401863, 25.8660618], [47.5403499, 25.8680579], [47.5404933, 25.8700777], [47.5406469, 25.8722046], [47.5407195, 25.8732585], [47.540828, 25.8742833], [47.5409493, 25.8751792], [47.5410543, 25.8758309], [47.5413132, 25.877156], [47.5415927, 25.8784313], [47.5417876, 25.8794466], [47.5419451, 25.8804256], [47.5420936, 25.8813912], [47.5422728, 25.8827993], [47.5424712, 25.8843281], [47.5426585, 25.8857873], [47.5428341, 25.8871552], [47.5429516, 25.8880177], [47.5430659, 25.8887082], [47.5432723, 25.8894914], [47.5435497, 25.8902258], [47.5437684, 25.8906636], [47.5440617, 25.8911437], [47.5443713, 25.8915514], [47.5446863, 25.8918893], [47.5450086, 25.8921683], [47.5454793, 25.892525], [47.5459781, 25.892863], [47.5463629, 25.8931366], [47.5467847, 25.8934799], [47.5470997, 25.8937937], [47.5474115, 25.8941637], [47.547775, 25.8946842], [47.5480127, 25.8951178], [47.5482122, 25.8955438], [47.5483616, 25.8959261], [47.5485155, 25.8963767], [47.5486387, 25.8968215], [47.5487499, 25.8973221], [47.5488957, 25.8981925], [47.5490058, 25.8989682], [47.5492451, 25.9006172], [47.5495239, 25.9025323], [47.5499737, 25.9056712], [47.5504019, 25.908637], [47.5506046, 25.9100211]], "1075415051": [[47.3116328, 25.1019523], [47.3121186, 25.103352], [47.3159413, 25.1117186], [47.3243307, 25.1189369], [47.330903, 25.1252841], [47.3337572, 25.1341665], [47.3350334, 25.1519724], [47.3353068, 25.1699805], [47.3353737, 25.1723908], [47.3355834, 25.174533], [47.3359489, 25.177154], [47.3367037, 25.1790088], [47.3387794, 25.181359], [47.3410498, 25.1830005], [47.3515697, 25.1885429], [47.3559065, 25.1942089], [47.357672, 25.1995194], [47.3578285, 25.2050651], [47.3558136, 25.2142668], [47.3511175, 25.2301174], [47.3501693, 25.2426856], [47.3514443, 25.2615805], [47.3524868, 25.2869051], [47.3533208, 25.2956919], [47.3586905, 25.308493], [47.3646995, 25.3149337], [47.3744581, 25.3180811], [47.385584, 25.3200856], [47.39799, 25.32152], [47.4105988, 25.326153], [47.4243052, 25.334431], [47.4419875, 25.3487499], [47.4591807, 25.3681845], [47.4839852, 25.4061776], [47.4938818, 25.4293911], [47.5059388, 25.4600772], [47.5139613, 25.4802568], [47.5205945, 25.5035573], [47.5220663, 25.513977], [47.5210237, 25.5246583], [47.5188922, 25.5361515], [47.5136478, 25.549188], [47.503351, 25.5696807], [47.497691, 25.5843306], [47.494507, 25.5983522], [47.493545, 25.6116219], [47.4951152, 25.6257805], [47.4998938, 25.6371295], [47.5069923, 25.6457953], [47.512595, 25.6495326], [47.5267795, 25.6597144], [47.5357728, 25.6687943], [47.5432748, 25.6796589], [47.5497867, 25.695159], [47.552631, 25.7091243], [47.5525838, 25.722928], [47.5505344, 25.7342722], [47.5477865, 25.7446478], [47.5431369, 25.7546379], [47.5371825, 25.7653619], [47.5321723, 25.777963], [47.5298738, 25.7914926], [47.5282614, 25.8060749], [47.5285901, 25.8086872], [47.5294304, 25.8115625], [47.5370782, 25.8275375], [47.5379462, 25.8302093], [47.5380304, 25.8304641]], "1433093036": [[47.5387221, 25.9534729], [47.5386793, 25.9535781], [47.5373934, 25.9569423], [47.5325874, 25.9674274], [47.5266544, 25.9764265], [47.5219973, 25.9898543], [47.5136066, 26.014595], [47.5092586, 26.0375976], [47.5171913, 26.09494], [47.5366837, 26.1408187], [47.5552004, 26.2026447], [47.569399, 26.2321108], [47.57696, 26.2422824], [47.5835024, 26.249492], [47.5915974, 26.2623423], [47.5987717, 26.2775166], [47.6021403, 26.28751], [47.6038628, 26.2948536], [47.6056554, 26.3046003], [47.6091505, 26.314702], [47.6167816, 26.3311661], [47.6309123, 26.3640652], [47.6428681, 26.3861989]], "1479878287": [[47.5456661, 25.9372317], [47.5453834, 25.9378222]], "1479878288": [[47.5454542, 25.9379058], [47.5457382, 25.9373126]], "1479878289": [[47.5461465, 25.9361444], [47.5459148, 25.936697], [47.5456661, 25.9372317]], "1479878290": [[47.5457382, 25.9373126], [47.5459899, 25.9367707], [47.5462263, 25.9361896]], "1479878291": [[47.546361, 25.9355946], [47.5461465, 25.9361444]], "1479878292": [[47.5462263, 25.9361896], [47.5464398, 25.9356616]], "1479878293": [[47.5387901, 25.9535619], [47.539045, 25.9530932], [47.5393951, 25.9524672], [47.5396908, 25.9519021], [47.5399733, 25.9513026], [47.5402462, 25.9506976], [47.5405285, 25.9499158], [47.5407111, 25.9493368], [47.540863, 25.9488216], [47.5411198, 25.9477802], [47.5413646, 25.9466842], [47.5415789, 25.9457451], [47.5418247, 25.9448737], [47.5420699, 25.9441311], [47.5423845, 25.9433358], [47.5426878, 25.9426521], [47.5431976, 25.9416925], [47.5436812, 25.9409062], [47.5442362, 25.9400586], [47.5446929, 25.9393247], [47.5451351, 25.9385365], [47.5454542, 25.9379058]], "1479878294": [[47.5453834, 25.9378222], [47.5450665, 25.9384486], [47.5446273, 25.9392313], [47.5441731, 25.9399613], [47.5436179, 25.9408091], [47.543131, 25.9416008], [47.5426166, 25.942569], [47.5423098, 25.9432607], [47.5419922, 25.9440637], [47.5417441, 25.9448147], [47.5414961, 25.9456944], [47.5412806, 25.9466386], [47.5410362, 25.9477329], [47.5407809, 25.9487683], [47.5406306, 25.9492779], [47.5404495, 25.9498519], [47.5401707, 25.9506243], [47.5399009, 25.9512225], [47.5396202, 25.9518179], [47.5393269, 25.9523785], [47.5389774, 25.9530035], [47.5387221, 25.9534729]], "1479878295": [[47.5506046, 25.9100211], [47.5508276, 25.9116], [47.5509413, 25.9124391], [47.5510427, 25.9133242], [47.5511169, 25.9141852], [47.5511564, 25.9149031], [47.5512002, 25.9158736], [47.5512111, 25.9168419], [47.5512038, 25.9177163], [47.5511821, 25.9182843], [47.5511369, 25.9190521], [47.5510807, 25.919846], [47.5510138, 25.9205326], [47.5509212, 25.9212902], [47.5508092, 25.922091], [47.5506825, 25.922834], [47.5505648, 25.923467], [47.5504109, 25.9242073], [47.55021, 25.9250843], [47.5500168, 25.9258122], [47.5497864, 25.9265837], [47.5495818, 25.9272543], [47.5493102, 25.9280455], [47.5490058, 25.928857], [47.5486549, 25.929746], [47.5483037, 25.930658], [47.5480939, 25.9311946], [47.5474654, 25.9327823], [47.5468517, 25.9343567], [47.5464769, 25.9353036], [47.546361, 25.9355946]], "1479878296": [[47.5467078, 25.9349841], [47.5469278, 25.9344284], [47.5475415, 25.9328539], [47.5481699, 25.9312663], [47.54838, 25.930729], [47.5487311, 25.9298173], [47.5490823, 25.9289276], [47.5493881, 25.9281125], [47.5496614, 25.9273161], [47.549867, 25.9266421], [47.5500984, 25.9258674], [47.5502931, 25.9251337], [47.5504952, 25.9242516], [47.5506499, 25.9235074], [47.5507682, 25.922871], [47.5508957, 25.9221237], [47.5510083, 25.9213181], [47.5511014, 25.9205564], [47.5511689, 25.9198646], [47.5512253, 25.9190668], [47.5512707, 25.9182956], [47.5512927, 25.9177225], [47.5513, 25.916843], [47.551289, 25.9158692], [47.551245, 25.9148941], [47.5512053, 25.914172], [47.5511306, 25.913305], [47.5510287, 25.912415], [47.5509146, 25.9115733], [47.5506914, 25.9099933]], "1479878297": [[47.5404352, 25.8477434], [47.5406303, 25.8472018], [47.540874, 25.8464191], [47.5411111, 25.8454958], [47.5412596, 25.8447596], [47.5413951, 25.8438811]], "1479878298": [[47.5413836, 25.843117], [47.5413078, 25.8438536], [47.5411738, 25.8447227], [47.5410271, 25.8454496], [47.5407924, 25.8463636], [47.5405509, 25.8471394], [47.5403612, 25.8476732]], "1479878299": [[47.5414382, 25.8421344], [47.5413836, 25.843117]], "1479878300": [[47.5414674, 25.8431319], [47.541527, 25.8421317]], "1479878301": [[47.5412046, 25.8388272], [47.5413277, 25.8396882], [47.5413856, 25.8403024], [47.5414376, 25.8414154], [47.5414382, 25.8421344]], "1479878302": [[47.541527, 25.8421317], [47.5415284, 25.8414068], [47.5414794, 25.8402873], [47.5414206, 25.839664], [47.5412964, 25.8387946]],