{"1075415051": [[47.3116328, 25.1019523], [47.3121186, 25.103352], [47.3159413, 25.1117186], [47.3243307, 25.1189369], [47.330903, 25.1252841], [47.3337572, 25.1341665], [47.3350334, 25.1519724], [47.3353068, 25.1699805], [47.3353737, 25.1723908], [47.3355834, 25.174533], [47.3359489, 25.177154], [47.3367037, 25.1790088], [47.3387794, 25.181359], [47.3410498, 25.1830005], [47.3515697, 25.1885429], [47.3559065, 25.1942089], [47.357672, 25.1995194], [47.3578285, 25.2050651], [47.3558136, 25.2142668], [47.3511175, 25.2301174], [47.3501693, 25.2426856], [47.3514443, 25.2615805], [47.3524868, 25.2869051], [47.3533208, 25.2956919], [47.3586905, 25.308493], [47.3646995, 25.3149337], [47.3744581, 25.3180811], [47.385584, 25.3200856], [47.39799, 25.32152], [47.4105988, 25.326153], [47.4243052, 25.334431], [47.4419875, 25.3487499], [47.4591807, 25.3681845], [47.4839852, 25.4061776], [47.4938818, 25.4293911], [47.5059388, 25.4600772], [47.5139613, 25.4802568], [47.5205945, 25.5035573], [47.5220663, 25.513977], [47.5210237, 25.5246583], [47.5188922, 25.5361515], [47.5136478, 25.549188], [47.503351, 25.5696807], [47.497691, 25.5843306], [47.494507, 25.5983522], [47.493545, 25.6116219], [47.4951152, 25.6257805], [47.4998938, 25.6371295], [47.5069923, 25.6457953], [47.512595, 25.6495326], [47.5267795, 25.6597144], [47.5357728, 25.6687943], [47.5432748, 25.6796589], [47.5497867, 25.695159], [47.552631, 25.7091243], [47.5525838, 25.722928], [47.5505344, 25.7342722], [47.5477865, 25.7446478], [47.5431369, 25.7546379], [47.5371825, 25.7653619], [47.5321723, 25.777963], [47.5298738, 25.7914926], [47.5282614, 25.8060749], [47.5285901, 25.8086872], [47.5294304, 25.8115625], [47.5370782, 25.8275375], [47.5379462, 25.8302093], [47.5380304, 25.8304641]], "1433093036": [[47.5387221, 25.9534729], [47.5386793, 25.9535781], [47.5373934, 25.9569423], [47.5325874, 25.9674274], [47.5266544, 25.9764265], [47.5219973, 25.9898543], [47.5136066, 26.014595], [47.5092586, 26.0375976], [47.5171913, 26.09494], [47.5366837, 26.1408187], [47.5552004, 26.2026447], [47.569399, 26.2321108], [47.57696, 26.2422824], [47.5835024, 26.249492], [47.5915974, 26.2623423], [47.5987717, 26.2775166], [47.6021403, 26.28751], [47.6038628, 26.2948536], [47.6056554, 26.3046003], [47.6091505, 26.314702], [47.6167816, 26.3311661], [47.6309123, 26.3640652], [47.6428681, 26.3861989]]}